TIME,POSITION_LOCAL:X,POSITION_LOCAL:Y,POSITION_LOCAL:Z,VELOCITY:X,VELOCITY:Y,VELOCITY:Z,ATTITUDE:X,ATTITUDE:Y,ATTITUDE:Z,u_l1:X,u_l1:Y,u_l1:Z,sigma_hat:X,sigma_hat:Y,sigma_hat:Z,U_OUTPUT:X,U_OUTPUT:Y,U_OUTPUT:Z,U_REF:X,U_REF:Y,U_REF:Z,HEADING,FLIGHT_MODE,BATTERY_VOLTAGE,BATTERY_CURRENT
2023-09-25 13:25:37.479934,1.1662348508834839,-0.0953550860285759,0.3332095742225647,0.0,0.0,0.01,-0.0031689885072410107,0.025315608829259872,-2.806676149368286,,,,,,,,,,,,,199,STABILIZE,12.448,0.03
2023-09-25 13:25:37.484169,1.16628897190094,-0.09564473479986191,0.33367928862571716,0.0,0.0,0.01,-0.0031741061247885227,0.025324195623397827,-2.8066842555999756,,,,,,,,,,,,,199,STABILIZE,12.448,0.03
2023-09-25 13:25:37.496370,1.1663247346878052,-0.09591706097126007,0.334166944026947,0.0,0.0,0.01,-0.003174806712195277,0.02532869204878807,-2.806689500808716,,,,,,,,,,,,,199,STABILIZE,12.448,0.03
2023-09-25 13:25:37.502177,1.1663247346878052,-0.09591706097126007,0.334166944026947,0.0,0.0,0.01,-0.003174806712195277,0.02532869204878807,-2.806689500808716,,,,,,,,,,,,,199,STABILIZE,12.448,0.03
2023-09-25 13:25:37.514287,1.166372299194336,-0.09618174284696579,0.334609717130661,0.0,0.0,0.01,-0.003166350768879056,0.025324273854494095,-2.8066885471343994,,,,,,,,,,,,,199,STABILIZE,12.449,0.03
2023-09-25 13:25:37.522003,1.166405200958252,-0.09643130004405975,0.33506593108177185,0.0,0.0,0.01,-0.003141139168292284,0.02531406283378601,-2.8066887855529785,,,,,,,,,,,,,199,STABILIZE,12.449,0.03
2023-09-25 13:25:37.532784,1.166418433189392,-0.09666423499584198,0.3355503976345062,0.0,0.0,0.01,-0.003128446638584137,0.025317981839179993,-2.8066866397857666,,,,,,,,,,,,,199,STABILIZE,12.449,0.03
2023-09-25 13:25:37.541529,1.166442632675171,-0.09689076244831085,0.3359626829624176,0.0,0.0,0.01,-0.003109587822109461,0.025324996560811996,-2.8066818714141846,,,,,,,,,,,,,199,STABILIZE,12.449,0.03
2023-09-25 13:25:37.552988,1.1664764881134033,-0.09711096435785294,0.336332231760025,0.0,0.0,0.01,-0.003109587822109461,0.025324996560811996,-2.8066818714141846,,,,,,,,,,,,,199,STABILIZE,12.449,0.03
2023-09-25 13:25:37.561684,1.1667438745498657,-0.09767675399780273,0.3371369540691376,0.0,0.0,0.01,-0.003095886902883649,0.02533145248889923,-2.8066787719726562,,,,,,,,,,,,,199,STABILIZE,12.449,0.03
2023-09-25 13:25:37.572757,1.1666959524154663,-0.0976630225777626,0.3372652530670166,0.0,0.0,0.01,-0.0030844032298773527,0.025342755019664764,-2.8066775798797607,,,,,,,,,,,,,199,STABILIZE,12.449,0.03
2023-09-25 13:25:37.583394,1.1669434309005737,-0.0982058122754097,0.3380816578865051,0.0,0.0,0.01,-0.0030651986598968506,0.025356490164995193,-2.8066744804382324,,,,,,,,,,,,,199,STABILIZE,12.449,0.03
2023-09-25 13:25:37.593364,1.1669434309005737,-0.0982058122754097,0.3380816578865051,0.0,0.0,0.01,-0.0030651986598968506,0.025356490164995193,-2.8066744804382324,,,,,,,,,,,,,199,STABILIZE,12.449,0.03
2023-09-25 13:25:37.601805,1.167193055152893,-0.09873193502426147,0.3388402760028839,0.0,0.0,0.01,-0.003056960878893733,0.0253564715385437,-2.806666851043701,,,,,,,,,,,,,199,STABILIZE,12.448,0.03
2023-09-25 13:25:37.614481,1.1674212217330933,-0.0992363691329956,0.3396121859550476,0.0,0.0,0.01,-0.0030382941477000713,0.025346215814352036,-2.806668281555176,,,,,,,,,,,,,199,STABILIZE,12.448,0.03
2023-09-25 13:25:37.622432,1.167629361152649,-0.09972210973501205,0.3404008746147156,0.0,0.0,0.01,-0.0030405244324356318,0.025352194905281067,-2.8066625595092773,,,,,,,,,,,,,199,STABILIZE,12.448,0.03
2023-09-25 13:25:37.635601,1.1678528785705566,-0.10019354522228241,0.3410893380641937,0.0,0.0,0.01,-0.0030405244324356318,0.025352194905281067,-2.8066625595092773,,,,,,,,,,,,,199,STABILIZE,12.448,0.03
2023-09-25 13:25:37.642376,1.1678528785705566,-0.10019354522228241,0.3410893380641937,0.0,0.0,0.01,-0.0030406073201447725,0.025368675589561462,-2.806656837463379,,,,,,,,,,,,,199,STABILIZE,12.448,0.03
2023-09-25 13:25:37.652968,1.1680653095245361,-0.10064674913883209,0.34173208475112915,0.0,0.0,0.01,-0.003042888594791293,0.025381550192832947,-2.8066513538360596,,,,,,,,,,,,,199,STABILIZE,12.448,0.03
2023-09-25 13:25:37.662716,1.1682597398757935,-0.10108303278684616,0.3423962891101837,0.0,0.0,0.01,-0.00304087670519948,0.025388050824403763,-2.806649923324585,,,,,,,,,,,,,199,STABILIZE,12.448,0.03
2023-09-25 13:25:37.675268,1.1684563159942627,-0.10150330513715744,0.34300532937049866,0.0,0.0,0.01,-0.003039955161511898,0.025400321930646896,-2.806650400161743,,,,,,,,,,,,,199,STABILIZE,12.448,0.03
2023-09-25 13:25:37.683995,1.1686447858810425,-0.10190746933221817,0.34359854459762573,0.0,0.0,0.01,-0.003043560078367591,0.025397509336471558,-2.8066487312316895,,,,,,,,,,,,,199,STABILIZE,12.448,0.03
2023-09-25 13:25:37.695826,1.1688170433044434,-0.10229795426130295,0.34421709179878235,0.0,0.0,0.01,-0.00304625928401947,0.025393161922693253,-2.8066446781158447,,,,,,,,,,,,,199,STABILIZE,12.448,0.03
2023-09-25 13:25:37.702181,1.1687848567962646,-0.10230335593223572,0.3443732261657715,0.0,0.0,0.01,-0.0030457889661192894,0.02538013830780983,-2.8066320419311523,,,,,,,,,,,,,199,STABILIZE,12.448,0.03
2023-09-25 13:25:37.714416,1.168960452079773,-0.10267901420593262,0.34493768215179443,0.0,0.0,0.01,-0.0030404815915971994,0.025378704071044922,-2.8066389560699463,,,,,,,,,,,,,199,STABILIZE,12.448,0.03
2023-09-25 13:25:37.722792,1.1691218614578247,-0.10304176807403564,0.34552934765815735,0.0,0.0,0.01,-0.003031520638614893,0.025414124131202698,-2.8066344261169434,,,,,,,,,,,,,199,STABILIZE,12.448,0.03
2023-09-25 13:25:37.733851,1.1692711114883423,-0.1033918485045433,0.3461504876613617,0.0,0.0,0.01,-0.003031520638614893,0.025414124131202698,-2.8066344261169434,,,,,,,,,,,,,199,STABILIZE,12.448,0.03
2023-09-25 13:25:37.742904,1.1694285869598389,-0.10372527688741684,0.34663107991218567,0.0,0.0,0.01,-0.0030185601208359003,0.025424867868423462,-2.8066399097442627,,,,,,,,,,,,,199,STABILIZE,12.448,0.03
2023-09-25 13:25:37.754258,1.1694285869598389,-0.10372527688741684,0.34663107991218567,0.0,0.0,0.01,-0.0030008184257894754,0.025423411279916763,-2.8066513538360596,,,,,,,,,,,,,199,STABILIZE,12.448,0.03
2023-09-25 13:25:37.761475,1.1695810556411743,-0.10404473543167114,0.3470909893512726,0.0,0.0,0.01,-0.002987541491165757,0.025414690375328064,-2.8066587448120117,,,,,,,,,,,,,199,STABILIZE,12.448,0.03
2023-09-25 13:25:37.771680,1.1696895360946655,-0.1044272631406784,0.3476544916629791,0.0,0.0,0.01,-0.0029775218572467566,0.025409232825040817,-2.8066670894622803,,,,,,,,,,,,,199,STABILIZE,12.448,0.03
2023-09-25 13:25:37.783315,1.1697938442230225,-0.10479530692100525,0.34820592403411865,0.0,0.0,0.01,-0.002967540407553315,0.0254109688103199,-2.8066704273223877,,,,,,,,,,,,,199,STABILIZE,12.448,0.03
2023-09-25 13:25:37.792188,1.1698992252349854,-0.10514592379331589,0.3487014174461365,0.0,0.0,0.01,-0.0029575449880212545,0.025413207709789276,-2.806670665740967,,,,,,,,,,,,,199,STABILIZE,12.448,0.03
2023-09-25 13:25:37.801187,1.169994831085205,-0.10548627376556396,0.349231481552124,0.0,0.0,0.01,-0.0029575449880212545,0.025413207709789276,-2.806670665740967,,,,,,,,,,,,,199,STABILIZE,12.448,0.03
2023-09-25 13:25:37.812350,1.169994831085205,-0.10548627376556396,0.349231481552124,0.0,0.0,0.01,-0.0029472075402736664,0.025434043258428574,-2.8066866397857666,,,,,,,,,,,,,199,STABILIZE,12.448,0.03
2023-09-25 13:25:37.821171,1.1700818538665771,-0.10581611096858978,0.34978780150413513,0.0,0.0,0.01,-0.0029572085477411747,0.025437813252210617,-2.8066911697387695,,,,,,,,,,,,,199,STABILIZE,12.448,0.03
2023-09-25 13:25:37.832941,1.1701698303222656,-0.10613047331571579,0.3502967655658722,0.0,0.0,0.01,-0.002966415835544467,0.025434311479330063,-2.8066911697387695,,,,,,,,,,,,,199,STABILIZE,12.448,0.03
2023-09-25 13:25:37.850519,1.1702585220336914,-0.10642815381288528,0.3506942689418793,0.0,0.0,0.01,-0.0029701772145926952,0.025420155376195908,-2.806692600250244,,,,,,,,,,,,,199,STABILIZE,12.448,0.03
2023-09-25 13:25:37.856749,1.1703423261642456,-0.10671352595090866,0.3510836362838745,0.0,0.0,0.01,-0.0029788948595523834,0.02540823072195053,-2.80670428276062,,,,,,,,,,,,,199,STABILIZE,12.448,0.03
2023-09-25 13:25:37.865680,1.170323133468628,-0.10672891139984131,0.35127344727516174,0.0,0.0,0.01,-0.002986262086778879,0.025406550616025925,-2.8067145347595215,,,,,,,,,,,,,199,STABILIZE,12.448,0.03
2023-09-25 13:25:37.875885,1.1704038381576538,-0.10700271278619766,0.3516477346420288,0.0,0.0,0.01,-0.002986262086778879,0.025406550616025925,-2.8067145347595215,,,,,,,,,,,,,199,STABILIZE,12.448,0.03
2023-09-25 13:25:37.893121,1.170471429824829,-0.10727235674858093,0.3521215617656708,0.0,0.0,0.01,-0.0030096995178610086,0.02541482448577881,-2.806731939315796,,,,,,,,,,,,,199,STABILIZE,12.448,0.03
2023-09-25 13:25:37.903038,1.1705455780029297,-0.1075224056839943,0.35249197483062744,0.0,0.0,0.01,-0.003016035072505474,0.02542688325047493,-2.8067376613616943,,,,,,,,,,,,,199,STABILIZE,12.448,0.03
2023-09-25 13:25:37.908348,1.170616626739502,-0.10776113718748093,0.3528556227684021,0.0,0.0,0.01,-0.003037709044292569,0.025431077927350998,-2.8067386150360107,,,,,,,,,,,,,199,STABILIZE,12.448,0.03
2023-09-25 13:25:37.918351,1.170676350593567,-0.10799770057201385,0.3533521890640259,0.0,0.0,0.01,-0.0030457335524260998,0.025426536798477173,-2.8067376613616943,,,,,,,,,,,,,199,STABILIZE,12.448,0.03
2023-09-25 13:25:37.926471,1.170676350593567,-0.10799770057201385,0.3533521890640259,0.0,0.0,0.01,-0.0030457335524260998,0.025426536798477173,-2.8067376613616943,,,,,,,,,,,,,199,STABILIZE,12.448,0.03
2023-09-25 13:25:37.937837,1.1707420349121094,-0.10821457207202911,0.35370445251464844,0.0,0.0,0.02,-0.0030422729905694723,0.025423560291528702,-2.8067445755004883,,,,,,,,,,,,,199,STABILIZE,12.448,0.03
2023-09-25 13:25:37.946690,1.1708022356033325,-0.10842600464820862,0.3540423512458801,0.0,0.0,0.02,-0.0030380836687982082,0.02542104199528694,-2.806757688522339,,,,,,,,,,,,,199,STABILIZE,12.448,0.03
2023-09-25 13:25:37.957798,1.1708619594573975,-0.1086244136095047,0.3543269634246826,0.0,0.0,0.02,-0.0030307183042168617,0.025428354740142822,-2.806771755218506,,,,,,,,,,,,,199,STABILIZE,12.448,0.03
2023-09-25 13:25:37.966309,1.1709541082382202,-0.10899345576763153,0.35508397221565247,0.0,0.0,0.02,-0.003020862117409706,0.025438368320465088,-2.806776523590088,,,,,,,,,,,,,199,STABILIZE,12.448,0.03
2023-09-25 13:25:37.978193,1.1710458993911743,-0.10934459418058395,0.3557712137699127,0.0,0.0,0.02,-0.0030098871793597937,0.025441952049732208,-2.8067853450775146,,,,,,,,,,,,,199,STABILIZE,12.448,0.03
2023-09-25 13:25:37.986449,1.1710458993911743,-0.10934459418058395,0.3557712137699127,0.0,0.0,0.02,-0.0030098871793597937,0.025441952049732208,-2.8067853450775146,,,,,,,,,,,,,199,STABILIZE,12.448,0.03
2023-09-25 13:25:37.997935,1.171134352684021,-0.10968470573425293,0.3564819395542145,0.0,0.0,0.02,-0.00297890929505229,0.025428269058465958,-2.806807518005371,,,,,,,,,,,,,199,STABILIZE,12.448,0.03
2023-09-25 13:25:38.008875,1.1712194681167603,-0.11001646518707275,0.3572407066822052,0.0,0.0,0.02,-0.002965722233057022,0.025429077446460724,-2.8068172931671143,,,,,,,,,,,,,199,STABILIZE,12.448,0.03
2023-09-25 13:25:38.017693,1.171303391456604,-0.11033133417367935,0.3579322099685669,0.0,0.0,0.02,-0.0029465374536812305,0.025432273745536804,-2.806821346282959,,,,,,,,,,,,,199,STABILIZE,12.448,0.03
2023-09-25 13:25:38.026707,1.1713842153549194,-0.11062851548194885,0.35855454206466675,0.0,0.0,0.02,-0.0029281284660100937,0.02543947473168373,-2.8068270683288574,,,,,,,,,,,,,199,STABILIZE,12.448,0.03
2023-09-25 13:25:38.037361,1.1713838577270508,-0.11064177751541138,0.35872015357017517,0.0,0.0,0.02,-0.002914704382419586,0.025442596524953842,-2.8068370819091797,,,,,,,,,,,,,199,STABILIZE,12.448,0.03
2023-09-25 13:25:38.049399,1.1714611053466797,-0.11093071103096008,0.3593001365661621,0.0,0.0,0.02,-0.0029114503413438797,0.02544737234711647,-2.8068480491638184,,,,,,,,,,,,,199,STABILIZE,12.448,0.03
2023-09-25 13:25:38.063447,1.1715353727340698,-0.11120428889989853,0.3598249852657318,0.0,0.0,0.02,-0.0029111956246197224,0.025452949106693268,-2.806857109069824,,,,,,,,,,,,,199,STABILIZE,12.448,0.03
2023-09-25 13:25:38.076072,1.1716070175170898,-0.11147132515907288,0.3603976368904114,0.0,0.0,0.02,-0.0029111956246197224,0.025452949106693268,-2.806857109069824,,,,,,,,,,,,,199,STABILIZE,12.448,0.03
2023-09-25 13:25:38.081610,1.1716070175170898,-0.11147132515907288,0.3603976368904114,0.0,0.0,0.02,-0.0029163516592234373,0.02545396238565445,-2.8068642616271973,,,,,,,,,,,,,199,STABILIZE,12.448,0.03
2023-09-25 13:25:38.096297,1.1716750860214233,-0.11172229796648026,0.36090365052223206,0.0,0.0,0.02,-0.0029208832420408726,0.025448691099882126,-2.8068666458129883,,,,,,,,,,,,,199,STABILIZE,12.448,0.03
2023-09-25 13:25:38.100774,1.1717393398284912,-0.11196685582399368,0.3614583909511566,0.0,0.0,0.02,-0.0029208832420408726,0.025448691099882126,-2.8068666458129883,,,,,,,,,,,,,199,STABILIZE,12.448,0.03
2023-09-25 13:25:38.118626,1.171858549118042,-0.1124236062169075,0.3625289499759674,0.0,0.0,0.02,-0.0029396270401775837,0.02542871981859207,-2.806901454925537,,,,,,,,,,,,,199,STABILIZE,12.449,0.03
2023-09-25 13:25:38.123300,1.171858549118042,-0.1124236062169075,0.3625289499759674,0.0,0.0,0.02,-0.0029396270401775837,0.02542871981859207,-2.806901454925537,,,,,,,,,,,,,199,STABILIZE,12.449,0.03
2023-09-25 13:25:38.134835,1.171913743019104,-0.112637959420681,0.363057941198349,0.0,0.0,0.02,-0.002938704565167427,0.025427095592021942,-2.8069088459014893,,,,,,,,,,,,,199,STABILIZE,12.449,0.03
2023-09-25 13:25:38.143216,1.1719657182693481,-0.11283368617296219,0.3633492887020111,0.0,0.0,0.02,-0.0029409141279757023,0.025428593158721924,-2.8069305419921875,,,,,,,,,,,,,199,STABILIZE,12.449,0.03
2023-09-25 13:25:38.155451,1.1720165014266968,-0.11302955448627472,0.3637581169605255,0.0,0.0,0.02,-0.002944190287962556,0.025434236973524094,-2.8069417476654053,,,,,,,,,,,,,199,STABILIZE,12.449,0.03
2023-09-25 13:25:38.160723,1.1718392372131348,-0.11353258043527603,0.36456868052482605,0.0,0.0,0.02,-0.002944190287962556,0.025434236973524094,-2.8069417476654053,,,,,,,,,,,,,199,STABILIZE,12.449,0.03
2023-09-25 13:25:38.173783,1.1718422174453735,-0.11355256289243698,0.3648155629634857,0.0,0.0,0.02,-0.0029514296911656857,0.025433748960494995,-2.806955575942993,,,,,,,,,,,,,199,STABILIZE,12.449,0.03
2023-09-25 13:25:38.181541,1.1718422174453735,-0.11355256289243698,0.3648155629634857,0.0,0.0,0.02,-0.0029514296911656857,0.025433748960494995,-2.806955575942993,,,,,,,,,,,,,199,STABILIZE,12.449,0.03
2023-09-25 13:25:38.194617,1.1713403463363647,-0.11494800448417664,0.36699923872947693,0.0,0.0,0.02,-0.0029452848248183727,0.02544422075152397,-2.8069801330566406,,,,,,,,,,,,,199,STABILIZE,12.448,0.03
2023-09-25 13:25:38.201520,1.1713403463363647,-0.11494800448417664,0.36699923872947693,0.0,0.0,0.02,-0.002950865076854825,0.025456730276346207,-2.8069868087768555,,,,,,,,,,,,,199,STABILIZE,12.448,0.03
2023-09-25 13:25:38.214516,1.1713429689407349,-0.11496760696172714,0.36719152331352234,0.0,0.0,0.02,-0.002952683251351118,0.02546561509370804,-2.806990146636963,,,,,,,,,,,,,199,STABILIZE,12.448,0.03
2023-09-25 13:25:38.220577,1.1711865663528442,-0.1153983622789383,0.36787399649620056,0.0,0.0,0.02,-0.0029524776618927717,0.02547285333275795,-2.806995153427124,,,,,,,,,,,,,199,STABILIZE,12.448,0.03
2023-09-25 13:25:38.234951,1.171034812927246,-0.11581456661224365,0.3685537874698639,0.0,0.0,0.02,-0.002947285072878003,0.025474917143583298,-2.807007074356079,,,,,,,,,,,,,199,STABILIZE,12.448,0.03
2023-09-25 13:25:38.242378,1.170888066291809,-0.11622293293476105,0.36917564272880554,0.0,0.0,0.02,-0.002947285072878003,0.025474917143583298,-2.807007074356079,,,,,,,,,,,,,199,STABILIZE,12.448,0.03
2023-09-25 13:25:38.255231,1.1707438230514526,-0.11660990118980408,0.3697223961353302,0.0,0.0,0.02,-0.0029505351558327675,0.025462713092565536,-2.80704402923584,,,,,,,,,,,,,199,STABILIZE,12.448,0.03
2023-09-25 13:25:38.263241,1.1706030368804932,-0.11699188500642776,0.3703283667564392,0.0,0.0,0.02,-0.0029529412277042866,0.025458671152591705,-2.807053804397583,,,,,,,,,,,,,199,STABILIZE,12.448,0.03
2023-09-25 13:25:38.279142,1.1704657077789307,-0.11735853552818298,0.3709125518798828,0.0,0.0,0.02,-0.0029557617381215096,0.025457680225372314,-2.807060956954956,,,,,,,,,,,,,199,STABILIZE,12.448,0.03
2023-09-25 13:25:38.286608,1.170331358909607,-0.11770565062761307,0.37143394351005554,0.0,0.0,0.02,-0.0029619948472827673,0.02546779066324234,-2.8070828914642334,,,,,,,,,,,,,199,STABILIZE,12.448,0.03
2023-09-25 13:25:38.295884,1.170331358909607,-0.11770565062761307,0.37143394351005554,0.0,0.0,0.02,-0.0029619948472827673,0.02546779066324234,-2.8070828914642334,,,,,,,,,,,,,199,STABILIZE,12.449,0.03
2023-09-25 13:25:38.303422,1.1701990365982056,-0.11806797236204147,0.3721570372581482,0.0,0.0,0.02,-0.0029727297369390726,0.02547384798526764,-2.80708646774292,,,,,,,,,,,,,199,STABILIZE,12.449,0.03
2023-09-25 13:25:38.314478,1.170069932937622,-0.11839000880718231,0.3726639151573181,0.0,0.0,0.02,-0.0029768699314445257,0.02547755464911461,-2.80708909034729,,,,,,,,,,,,,199,STABILIZE,12.449,0.03
2023-09-25 13:25:38.321831,1.170067548751831,-0.11841706186532974,0.3728748559951782,0.0,0.0,0.02,-0.0029800182674080133,0.02547215297818184,-2.8070969581604004,,,,,,,,,,,,,199,STABILIZE,12.449,0.03
2023-09-25 13:25:38.335771,1.1699403524398804,-0.1187257319688797,0.3733607232570648,0.0,0.0,0.02,-0.0029836036264896393,0.025473318994045258,-2.807098388671875,,,,,,,,,,,,,199,STABILIZE,12.449,0.03
2023-09-25 13:25:38.342101,1.1698148250579834,-0.11903416365385056,0.3738240897655487,0.0,0.0,0.02,-0.0029836036264896393,0.025473318994045258,-2.807098388671875,,,,,,,,,,,,,199,STABILIZE,12.449,0.03
2023-09-25 13:25:38.355691,1.169692873954773,-0.11932219564914703,0.37421339750289917,0.0,0.0,0.02,-0.002995176939293742,0.025471258908510208,-2.8071236610412598,,,,,,,,,,,,,199,STABILIZE,12.449,0.03
2023-09-25 13:25:38.361738,1.169692873954773,-0.11932219564914703,0.37421339750289917,0.0,0.0,0.02,-0.002995176939293742,0.025471258908510208,-2.8071236610412598,,,,,,,,,,,,,199,STABILIZE,12.449,0.03
2023-09-25 13:25:38.374854,1.1693532466888428,-0.11953611671924591,0.37459808588027954,0.0,0.0,0.02,-0.0030009401962161064,0.025467373430728912,-2.807133436203003,,,,,,,,,,,,,199,STABILIZE,12.449,0.03
2023-09-25 13:25:38.384040,1.1690258979797363,-0.11973146349191666,0.3749105632305145,0.0,0.0,0.02,-0.0029990882612764835,0.025464780628681183,-2.8071389198303223,,,,,,,,,,,,,199,STABILIZE,12.449,0.03
2023-09-25 13:25:38.394391,1.168708086013794,-0.11992564797401428,0.37528008222579956,0.0,0.0,0.02,-0.0030044415034353733,0.02546437457203865,-2.8071439266204834,,,,,,,,,,,,,199,STABILIZE,12.449,0.03
2023-09-25 13:25:38.401645,1.1684006452560425,-0.12010319530963898,0.37559089064598083,0.0,0.0,0.02,-0.0030035399831831455,0.02546440064907074,-2.807155132293701,,,,,,,,,,,,,199,STABILIZE,12.448,0.03
2023-09-25 13:25:38.415331,1.1680936813354492,-0.12029988318681717,0.37611913681030273,0.0,0.0,0.02,-0.0029997690580785275,0.02546052634716034,-2.8071513175964355,,,,,,,,,,,,,199,STABILIZE,12.448,0.03
2023-09-25 13:25:38.424952,1.1678029298782349,-0.1204608604311943,0.3764283061027527,0.0,0.0,0.02,-0.0029997690580785275,0.02546052634716034,-2.8071513175964355,,,,,,,,,,,,,199,STABILIZE,12.448,0.03
2023-09-25 13:25:38.436055,1.1677933931350708,-0.12048771977424622,0.3766479790210724,0.0,0.0,0.02,-0.00299410754814744,0.025449272245168686,-2.807152271270752,,,,,,,,,,,,,199,STABILIZE,12.448,0.03
2023-09-25 13:25:38.444474,1.1677933931350708,-0.12048771977424622,0.3766479790210724,0.0,0.0,0.02,-0.002986608073115349,0.02544112503528595,-2.807159900665283,,,,,,,,,,,,,199,STABILIZE,12.448,0.03
2023-09-25 13:25:38.455379,1.1675065755844116,-0.12064703553915024,0.37692248821258545,0.0,0.0,0.02,-0.002989633474498987,0.025440331548452377,-2.8071694374084473,,,,,,,,,,,,,199,STABILIZE,12.448,0.03
2023-09-25 13:25:38.463644,1.1672263145446777,-0.12079942971467972,0.3772140145301819,0.0,0.0,0.02,-0.0029946821741759777,0.02544296905398369,-2.807173252105713,,,,,,,,,,,,,199,STABILIZE,12.448,0.03
2023-09-25 13:25:38.474751,1.166956901550293,-0.12093567848205566,0.3774356245994568,0.0,0.0,0.02,-0.002995380200445652,0.025446288287639618,-2.807173013687134,,,,,,,,,,,,,199,STABILIZE,12.448,0.03
2023-09-25 13:25:38.483526,1.1666895151138306,-0.12107295542955399,0.3777337074279785,0.0,0.0,0.02,-0.0029928649310022593,0.02544083446264267,-2.807178258895874,,,,,,,,,,,,,199,STABILIZE,12.448,0.03
2023-09-25 13:25:38.499002,1.1664338111877441,-0.12119472026824951,0.3779611885547638,0.0,0.0,0.02,-0.0030050131026655436,0.025432683527469635,-2.8071796894073486,,,,,,,,,,,,,199,STABILIZE,12.448,0.03
2023-09-25 13:25:38.506139,1.1664338111877441,-0.12119472026824951,0.3779611885547638,0.0,0.0,0.02,-0.0030050131026655436,0.025432683527469635,-2.8071796894073486,,,,,,,,,,,,,199,STABILIZE,12.448,0.03
2023-09-25 13:25:38.515075,1.1661756038665771,-0.12132284790277481,0.37832382321357727,0.0,0.0,0.02,-0.003016101662069559,0.025418799370527267,-2.807178497314453,,,,,,,,,,,,,199,STABILIZE,12.448,0.03
2023-09-25 13:25:38.523383,1.16593337059021,-0.12143116444349289,0.3785542845726013,0.0,0.0,0.02,-0.0030160280875861645,0.025407947599887848,-2.807168483734131,,,,,,,,,,,,,199,STABILIZE,12.448,0.03
2023-09-25 13:25:38.534158,1.165691614151001,-0.12154033780097961,0.3788614273071289,0.0,0.0,0.02,-0.003022068412974477,0.025396931916475296,-2.8071749210357666,,,,,,,,,,,,,199,STABILIZE,12.448,0.03
2023-09-25 13:25:38.543711,1.1654611825942993,-0.12163577973842621,0.37897664308547974,0.0,0.0,0.02,-0.003022455144673586,0.02539675310254097,-2.807180643081665,,,,,,,,,,,,,199,STABILIZE,12.448,0.03
2023-09-25 13:25:38.556296,1.1652363538742065,-0.12172555178403854,0.37909844517707825,0.0,0.0,0.02,-0.003024970879778266,0.025399889796972275,-2.8071837425231934,,,,,,,,,,,,,199,STABILIZE,12.448,0.03
2023-09-25 13:25:38.562641,1.1649757623672485,-0.12196315079927444,0.37917831540107727,0.0,0.0,0.02,-0.003032341133803129,0.02540687844157219,-2.8071837425231934,,,,,,,,,,,,,199,STABILIZE,12.448,0.03
2023-09-25 13:25:38.577648,1.1649506092071533,-0.1219896450638771,0.37947824597358704,0.0,0.0,0.02,-0.00303063215687871,0.025410927832126617,-2.8071820735931396,,,,,,,,,,,,,199,STABILIZE,12.448,0.03
2023-09-25 13:25:38.581790,1.1646970510482788,-0.12221936881542206,0.3795836269855499,0.0,0.0,0.02,-0.00303063215687871,0.025410927832126617,-2.8071820735931396,,,,,,,,,,,,,199,STABILIZE,12.448,0.03
2023-09-25 13:25:38.597342,1.1642322540283203,-0.12263038754463196,0.37959790229797363,0.0,0.0,0.02,-0.00302141928113997,0.025416459888219833,-2.807183265686035,,,,,,,,,,,,,199,STABILIZE,12.449,0.03
2023-09-25 13:25:38.603624,1.1642322540283203,-0.12263038754463196,0.37959790229797363,0.0,0.0,0.02,-0.00302141928113997,0.025416459888219833,-2.807183265686035,,,,,,,,,,,,,199,STABILIZE,12.449,0.03
2023-09-25 13:25:38.616761,1.16421377658844,-0.12265118211507797,0.3798236846923828,0.0,0.0,0.02,-0.0030202907510101795,0.02541109174489975,-2.807176113128662,,,,,,,,,,,,,199,STABILIZE,12.449,0.03
2023-09-25 13:25:38.623747,1.1639899015426636,-0.122845858335495,0.37986794114112854,0.0,0.0,0.02,-0.0030198812019079924,0.025410063564777374,-2.807175397872925,,,,,,,,,,,,,199,STABILIZE,12.449,0.03
2023-09-25 13:25:38.637032,1.1637645959854126,-0.12304070591926575,0.3800109028816223,0.0,0.0,0.02,-0.003012416185811162,0.02541535347700119,-2.8071703910827637,,,,,,,,,,,,,199,STABILIZE,12.449,0.03
2023-09-25 13:25:38.644058,1.1635445356369019,-0.12322700768709183,0.38004183769226074,0.0,0.0,0.02,-0.00300659891217947,0.025423463433980942,-2.807180404663086,,,,,,,,,,,,,199,STABILIZE,12.449,0.03
2023-09-25 13:25:38.658370,1.1633366346359253,-0.12339857220649719,0.3800094425678253,0.0,0.0,0.02,-0.003008382860571146,0.02543380856513977,-2.807185411453247,,,,,,,,,,,,,199,STABILIZE,12.449,0.03
2023-09-25 13:25:38.663610,1.1631349325180054,-0.12356274574995041,0.37998902797698975,0.0,0.0,0.02,-0.003008382860571146,0.02543380856513977,-2.807185411453247,,,,,,,,,,,,,199,STABILIZE,12.449,0.03
2023-09-25 13:25:38.676817,1.1629323959350586,-0.1237255334854126,0.38004037737846375,0.0,0.0,0.02,-0.003012110246345401,0.02543296292424202,-2.8071863651275635,,,,,,,,,,,,,199,STABILIZE,12.449,0.03
2023-09-25 13:25:38.686162,1.16274094581604,-0.12387523055076599,0.3800429403781891,0.0,0.0,0.02,-0.003015392692759633,0.02541157230734825,-2.8071985244750977,,,,,,,,,,,,,199,STABILIZE,12.449,0.03
2023-09-25 13:25:38.696410,1.162531852722168,-0.12404066324234009,0.38028109073638916,0.0,0.0,0.02,-0.003015392692759633,0.02541157230734825,-2.8071985244750977,,,,,,,,,,,,,199,STABILIZE,12.449,0.03
2023-09-25 13:25:38.702515,1.162531852722168,-0.12404066324234009,0.38028109073638916,0.0,0.0,0.02,-0.003023901954293251,0.025412488728761673,-2.807199239730835,,,,,,,,,,,,,199,STABILIZE,12.449,0.03
2023-09-25 13:25:38.714671,1.1623495817184448,-0.12417807430028915,0.38030436635017395,0.0,0.0,0.02,-0.003023901954293251,0.025412488728761673,-2.807199239730835,,,,,,,,,,,,,199,STABILIZE,12.449,0.03
2023-09-25 13:25:38.723089,1.1623495817184448,-0.12417807430028915,0.38030436635017395,0.0,0.0,0.02,-0.003025467973202467,0.025417111814022064,-2.8071987628936768,,,,,,,,,,,,,199,STABILIZE,12.449,0.03
2023-09-25 13:25:38.733902,1.1623262166976929,-0.12419933825731277,0.3805292546749115,0.0,0.0,0.02,-0.0030227755196392536,0.025420330464839935,-2.807196855545044,,,,,,,,,,,,,199,STABILIZE,12.449,0.03
2023-09-25 13:25:38.742942,1.1621487140655518,-0.12432946264743805,0.3805628716945648,0.0,0.0,0.02,-0.0030268216505646706,0.025425851345062256,-2.8072006702423096,,,,,,,,,,,,,199,STABILIZE,12.449,0.03
2023-09-25 13:25:38.753549,1.1619691848754883,-0.12445802986621857,0.3805488646030426,0.0,0.0,0.02,-0.0030302698723971844,0.025431092828512192,-2.807206630706787,,,,,,,,,,,,,199,STABILIZE,12.449,0.03
2023-09-25 13:25:38.762176,1.1618010997772217,-0.12457484006881714,0.3804892301559448,0.0,0.0,0.02,-0.0030311800073832273,0.025436770170927048,-2.8072171211242676,,,,,,,,,,,,,199,STABILIZE,12.449,0.03
2023-09-25 13:25:38.777679,1.1613366603851318,-0.12475011497735977,0.38012805581092834,0.0,0.0,0.02,-0.003033375833183527,0.02543053776025772,-2.807224988937378,,,,,,,,,,,,,199,STABILIZE,12.449,0.03
2023-09-25 13:25:38.782210,1.1608856916427612,-0.12491774559020996,0.37979376316070557,0.0,0.0,0.02,-0.0030297408811748028,0.025414112955331802,-2.807241439819336,,,,,,,,,,,,,199,STABILIZE,12.449,0.03
2023-09-25 13:25:38.794851,1.16044020652771,-0.1250825971364975,0.3795454502105713,0.0,0.0,0.02,-0.003031043102964759,0.025416046380996704,-2.807246685028076,,,,,,,,,,,,,199,STABILIZE,12.449,0.03
2023-09-25 13:25:38.804650,1.160023808479309,-0.12522801756858826,0.37918809056282043,0.0,0.0,0.02,-0.00302918185479939,0.025414995849132538,-2.8072450160980225,,,,,,,,,,,,,199,STABILIZE,12.449,0.04
2023-09-25 13:25:38.813775,1.160023808479309,-0.12522801756858826,0.37918809056282043,0.0,0.0,0.02,-0.00302918185479939,0.025414995849132538,-2.8072450160980225,,,,,,,,,,,,,199,STABILIZE,12.449,0.04
2023-09-25 13:25:38.820773,1.159610629081726,-0.12537293136119843,0.37892818450927734,0.0,0.0,0.02,-0.0030231706332415342,0.025418944656848907,-2.8072383403778076,,,,,,,,,,,,,199,STABILIZE,12.449,0.04
2023-09-25 13:25:38.834267,1.1592190265655518,-0.12550482153892517,0.3786173462867737,0.0,0.0,0.02,-0.003015712136402726,0.02542228251695633,-2.8072359561920166,,,,,,,,,,,,,199,STABILIZE,12.449,0.04
2023-09-25 13:25:38.844594,1.1588175296783447,-0.12564215064048767,0.3783644735813141,0.0,0.0,0.02,-0.003017377108335495,0.025423943996429443,-2.8072381019592285,,,,,,,,,,,,,199,STABILIZE,12.449,0.04
2023-09-25 13:25:38.855633,1.1584498882293701,-0.125760018825531,0.37797582149505615,0.0,0.0,0.02,-0.003019307041540742,0.02541075274348259,-2.8072457313537598,,,,,,,,,,,,,199,STABILIZE,12.449,0.04
2023-09-25 13:25:38.862816,1.1580679416656494,-0.12588442862033844,0.3777700364589691,0.0,0.0,0.02,-0.003018502378836274,0.0254020057618618,-2.8072545528411865,,,,,,,,,,,,,199,STABILIZE,12.449,0.04
2023-09-25 13:25:38.871606,1.1580679416656494,-0.12588442862033844,0.3777700364589691,0.0,0.0,0.02,-0.003018502378836274,0.0254020057618618,-2.8072545528411865,,,,,,,,,,,,,199,STABILIZE,12.449,0.04
2023-09-25 13:25:38.881542,1.1577059030532837,-0.12599711120128632,0.3775149881839752,0.0,0.0,0.02,-0.0030190334655344486,0.025402598083019257,-2.8072667121887207,,,,,,,,,,,,,199,STABILIZE,12.449,0.04
2023-09-25 13:25:38.892217,1.1573768854141235,-0.1260930597782135,0.37713855504989624,0.0,0.0,0.02,-0.0030250700656324625,0.025407183915376663,-2.8072783946990967,,,,,,,,,,,,,199,STABILIZE,12.449,0.04
2023-09-25 13:25:38.904094,1.157329797744751,-0.12611493468284607,0.3774241805076599,0.0,0.0,0.02,-0.0030278502963483334,0.025409594178199768,-2.807285785675049,,,,,,,,,,,,,199,STABILIZE,12.45,0.04
2023-09-25 13:25:38.913356,1.157329797744751,-0.12611493468284607,0.3774241805076599,0.0,0.0,0.02,-0.0030278502963483334,0.025409594178199768,-2.807285785675049,,,,,,,,,,,,,199,STABILIZE,12.45,0.04
2023-09-25 13:25:38.923101,1.1569880247116089,-0.12621499598026276,0.3771967887878418,0.0,0.0,0.02,-0.0030298803467303514,0.02541031688451767,-2.807291030883789,,,,,,,,,,,,,199,STABILIZE,12.45,0.04
2023-09-25 13:25:38.935386,1.156651496887207,-0.12631066143512726,0.37700381875038147,0.0,0.0,0.02,-0.0030324487015604973,0.025407306849956512,-2.807295799255371,,,,,,,,,,,,,199,STABILIZE,12.45,0.04
2023-09-25 13:25:38.943873,1.1563358306884766,-0.12639643251895905,0.37676000595092773,0.0,0.0,0.02,-0.003034834051504731,0.02540266513824463,-2.807300329208374,,,,,,,,,,,,,199,STABILIZE,12.45,0.04
2023-09-25 13:25:38.954315,1.1560150384902954,-0.12648281455039978,0.37651610374450684,0.0,0.0,0.02,-0.0030329180881381035,0.025390509516000748,-2.807304620742798,,,,,,,,,,,,,199,STABILIZE,12.45,0.04
2023-09-25 13:25:38.963808,1.1557152271270752,-0.12655910849571228,0.3762231171131134,0.0,0.0,0.02,-0.00303543359041214,0.025384049862623215,-2.8073031902313232,,,,,,,,,,,,,199,STABILIZE,12.45,0.04
2023-09-25 13:25:38.974793,1.1553372144699097,-0.12676945328712463,0.3759351372718811,0.0,0.0,0.02,-0.003028547391295433,0.025388166308403015,-2.807302713394165,,,,,,,,,,,,,199,STABILIZE,12.45,0.04
2023-09-25 13:25:38.984550,1.1549949645996094,-0.1269616335630417,0.37554821372032166,0.0,0.0,0.02,-0.003028955077752471,0.025395818054676056,-2.807309627532959,,,,,,,,,,,,,199,STABILIZE,12.45,0.04
2023-09-25 13:25:38.999605,1.1546496152877808,-0.12715011835098267,0.37525537610054016,0.0,0.0,0.02,-0.003031011437997222,0.025406692177057266,-2.8073182106018066,,,,,,,,,,,,,199,STABILIZE,12.448,0.03
2023-09-25 13:25:39.004830,1.154327154159546,-0.12732502818107605,0.3749158978462219,0.0,0.0,0.02,-0.003036792855709791,0.025414887815713882,-2.8073225021362305,,,,,,,,,,,,,199,STABILIZE,12.448,0.03
2023-09-25 13:25:39.017117,1.1539998054504395,-0.12749700248241425,0.3746672570705414,0.0,0.0,0.02,-0.003036619396880269,0.02541826292872429,-2.807323694229126,,,,,,,,,,,,,199,STABILIZE,12.448,0.03
2023-09-25 13:25:39.024840,1.1536955833435059,-0.12765757739543915,0.37437158823013306,0.0,0.0,0.02,-0.003036619396880269,0.02541826292872429,-2.807323694229126,,,,,,,,,,,,,199,STABILIZE,12.448,0.03
2023-09-25 13:25:39.036525,1.1533876657485962,-0.12781567871570587,0.37406542897224426,0.0,0.0,0.02,-0.0030240474734455347,0.02541574463248253,-2.807347536087036,,,,,,,,,,,,,199,STABILIZE,12.448,0.03
2023-09-25 13:25:39.044675,1.153053641319275,-0.12797869741916656,0.37392932176589966,0.0,0.0,0.02,-0.0030240474734455347,0.02541574463248253,-2.807347536087036,,,,,,,,,,,,,199,STABILIZE,12.448,0.03
2023-09-25 13:25:39.058230,1.1527727842330933,-0.12811899185180664,0.37361419200897217,0.0,0.0,0.02,-0.0030153864063322544,0.025414545089006424,-2.8073549270629883,,,,,,,,,,,,,199,STABILIZE,12.448,0.03
2023-09-25 13:25:39.065729,1.1527727842330933,-0.12811899185180664,0.37361419200897217,0.0,0.0,0.02,-0.0030153864063322544,0.025414545089006424,-2.8073549270629883,,,,,,,,,,,,,199,STABILIZE,12.448,0.03
2023-09-25 13:25:39.072536,1.1527265310287476,-0.1281343549489975,0.3738148510456085,0.0,0.0,0.02,-0.003009519772604108,0.025416582822799683,-2.8073606491088867,,,,,,,,,,,,,199,STABILIZE,12.448,0.03
2023-09-25 13:25:39.082894,1.1524527072906494,-0.12826882302761078,0.37352123856544495,0.0,0.0,0.02,-0.003009519772604108,0.025416582822799683,-2.8073606491088867,,,,,,,,,,,,,199,STABILIZE,12.448,0.03
2023-09-25 13:25:39.092980,1.152173399925232,-0.12840045988559723,0.37330278754234314,0.0,0.0,0.02,-0.0030095591209828854,0.025424931198358536,-2.807368516921997,,,,,,,,,,,,,199,STABILIZE,12.448,0.03
2023-09-25 13:25:39.102734,1.152173399925232,-0.12840045988559723,0.37330278754234314,0.0,0.0,0.02,-0.00301299337297678,0.02542976289987564,-2.8073720932006836,,,,,,,,,,,,,199,STABILIZE,12.449,0.03
2023-09-25 13:25:39.112503,1.1519129276275635,-0.12852221727371216,0.37305137515068054,0.0,0.0,0.02,-0.0030155261047184467,0.02542644366621971,-2.8073763847351074,,,,,,,,,,,,,199,STABILIZE,12.449,0.03
2023-09-25 13:25:39.124047,1.1516422033309937,-0.12864333391189575,0.3728853464126587,0.0,0.0,0.02,-0.0030090135987848043,0.025417692959308624,-2.807379961013794,,,,,,,,,,,,,199,STABILIZE,12.449,0.03
2023-09-25 13:25:39.133408,1.1513608694076538,-0.1287640482187271,0.372803270816803,0.0,0.0,0.02,-0.0030089521314948797,0.025420043617486954,-2.8073971271514893,,,,,,,,,,,,,199,STABILIZE,12.449,0.03
2023-09-25 13:25:39.144943,1.1511223316192627,-0.12886814773082733,0.37249037623405457,0.0,0.0,0.02,-0.0030122569296509027,0.025424420833587646,-2.8074071407318115,,,,,,,,,,,,,199,STABILIZE,12.449,0.03
2023-09-25 13:25:39.155182,1.1508698463439941,-0.1289728879928589,0.3722778260707855,0.0,0.0,0.02,-0.0030200809706002474,0.025430887937545776,-2.8074114322662354,,,,,,,,,,,,,199,STABILIZE,12.449,0.03
2023-09-25 13:25:39.165137,1.1502596139907837,-0.1294039487838745,0.37189894914627075,0.0,0.0,0.02,-0.0030311234295368195,0.025440648198127747,-2.807417631149292,,,,,,,,,,,,,199,STABILIZE,12.449,0.03
2023-09-25 13:25:39.175176,1.1502596139907837,-0.1294039487838745,0.37189894914627075,0.0,0.0,0.02,-0.0030311234295368195,0.025440648198127747,-2.807417631149292,,,,,,,,,,,,,199,STABILIZE,12.449,0.03
2023-09-25 13:25:39.186279,1.1490744352340698,-0.1302255094051361,0.3712780475616455,0.0,0.0,0.02,-0.003044803161174059,0.025435801595449448,-2.8074352741241455,,,,,,,,,,,,,199,STABILIZE,12.449,0.03
2023-09-25 13:25:39.195963,1.1490744352340698,-0.1302255094051361,0.3712780475616455,0.0,0.0,0.02,-0.003044803161174059,0.025435801595449448,-2.8074352741241455,,,,,,,,,,,,,199,STABILIZE,12.449,0.03
2023-09-25 13:25:39.204683,1.1489993333816528,-0.13024985790252686,0.37153705954551697,0.0,0.0,0.02,-0.0030521247535943985,0.02543313056230545,-2.8074448108673096,,,,,,,,,,,,,199,STABILIZE,12.449,0.04
2023-09-25 13:25:39.215726,1.1484246253967285,-0.13064205646514893,0.37127968668937683,0.0,0.0,0.02,-0.003062881762161851,0.025433212518692017,-2.807446002960205,,,,,,,,,,,,,199,STABILIZE,12.449,0.04
2023-09-25 13:25:39.223817,1.1473746299743652,-0.13136903941631317,0.370661199092865,0.0,0.0,0.02,-0.0030621879268437624,0.02543942630290985,-2.8074522018432617,,,,,,,,,,,,,199,STABILIZE,12.449,0.04
2023-09-25 13:25:39.235844,1.1473140716552734,-0.13139089941978455,0.37085285782814026,0.0,0.0,0.02,-0.003060678020119667,0.02544853836297989,-2.8074615001678467,,,,,,,,,,,,,199,STABILIZE,12.449,0.04
2023-09-25 13:25:39.245124,1.1468009948730469,-0.13173972070217133,0.3705432713031769,0.0,0.0,0.02,-0.0030637604650110006,0.025461897253990173,-2.8074727058410645,,,,,,,,,,,,,199,STABILIZE,12.449,0.04
2023-09-25 13:25:39.254500,1.1468009948730469,-0.13173972070217133,0.3705432713031769,0.0,0.0,0.02,-0.0030637604650110006,0.025461897253990173,-2.8074727058410645,,,,,,,,,,,,,199,STABILIZE,12.449,0.04
2023-09-25 13:25:39.264765,1.1457997560501099,-0.13240550458431244,0.37004005908966064,0.0,0.0,0.02,-0.0030664040241390467,0.02546790987253189,-2.807474374771118,,,,,,,,,,,,,199,STABILIZE,12.449,0.04
2023-09-25 13:25:39.281285,1.145327091217041,-0.13271844387054443,0.3697945773601532,0.0,0.0,0.02,-0.003073125844821334,0.02546815574169159,-2.8074824810028076,,,,,,,,,,,,,199,STABILIZE,12.449,0.04
2023-09-25 13:25:39.285900,1.1448439359664917,-0.13302893936634064,0.36963164806365967,0.0,0.0,0.02,-0.003073125844821334,0.02546815574169159,-2.8074824810028076,,,,,,,,,,,,,199,STABILIZE,12.449,0.04
2023-09-25 13:25:39.298629,1.1443955898284912,-0.13332079350948334,0.3694245517253876,0.0,0.0,0.02,-0.003081605304032564,0.025466203689575195,-2.807490825653076,,,,,,,,,,,,,199,STABILIZE,12.448,0.04
2023-09-25 13:25:39.309975,1.1443036794662476,-0.13335633277893066,0.36967721581459045,0.0,0.0,0.02,-0.003081605304032564,0.025466203689575195,-2.807490825653076,,,,,,,,,,,,,199,STABILIZE,12.448,0.04
2023-09-25 13:25:39.317145,1.1443036794662476,-0.13335633277893066,0.36967721581459045,0.0,0.0,0.02,-0.003090302227064967,0.025468137115240097,-2.8074872493743896,,,,,,,,,,,,,199,STABILIZE,12.448,0.04
2023-09-25 13:25:39.326398,1.1438701152801514,-0.133637472987175,0.3694747984409332,0.0,0.0,0.02,-0.00309539632871747,0.02547483891248703,-2.807487964630127,,,,,,,,,,,,,199,STABILIZE,12.448,0.04
2023-09-25 13:25:39.343063,1.14344322681427,-0.1339101493358612,0.36930200457572937,0.0,0.0,0.02,-0.003099728375673294,0.025471467524766922,-2.807481527328491,,,,,,,,,,,,,199,STABILIZE,12.448,0.04
2023-09-25 13:25:39.347609,1.1430025100708008,-0.13418209552764893,0.3691616952419281,0.0,0.0,0.02,-0.003099728375673294,0.025471467524766922,-2.807481527328491,,,,,,,,,,,,,199,STABILIZE,12.448,0.04
2023-09-25 13:25:39.357713,1.1425466537475586,-0.1344538778066635,0.3691013753414154,0.0,0.0,0.02,-0.003120886394754052,0.025472775101661682,-2.807511806488037,,,,,,,,,,,,,199,STABILIZE,12.448,0.04
2023-09-25 13:25:39.368486,1.1419788599014282,-0.13471490144729614,0.36864349246025085,-0.01,0.0,0.02,-0.0031239246018230915,0.02547016367316246,-2.807516574859619,,,,,,,,,,,,,199,STABILIZE,12.448,0.04
2023-09-25 13:25:39.377938,1.1414070129394531,-0.13497355580329895,0.3682624101638794,-0.01,0.0,0.02,-0.00312616815790534,0.025472182780504227,-2.807521343231201,,,,,,,,,,,,,199,STABILIZE,12.448,0.04
2023-09-25 13:25:39.388740,1.1408708095550537,-0.13521555066108704,0.3678571581840515,-0.01,0.0,0.02,-0.0031272086780518293,0.025479398667812347,-2.807530641555786,,,,,,,,,,,,,199,STABILIZE,12.448,0.04
2023-09-25 13:25:39.398589,1.140349268913269,-0.13544879853725433,0.36747729778289795,-0.01,0.0,0.02,-0.0031272086780518293,0.025479398667812347,-2.807530641555786,,,,,,,,,,,,,199,STABILIZE,12.448,0.04
2023-09-25 13:25:39.408326,1.1398141384124756,-0.13568265736103058,0.36718127131462097,-0.01,0.0,0.02,-0.003131131874397397,0.02548859640955925,-2.807532548904419,,,,,,,,,,,,,199,STABILIZE,12.448,0.03
2023-09-25 13:25:39.417576,1.1398141384124756,-0.13568265736103058,0.36718127131462097,-0.01,0.0,0.02,-0.003137808060273528,0.02549710124731064,-2.8075320720672607,,,,,,,,,,,,,199,STABILIZE,12.448,0.03
2023-09-25 13:25:39.426979,1.1397051811218262,-0.13572143018245697,0.3674229085445404,-0.01,0.0,0.02,-0.003138735191896558,0.02549821510910988,-2.8075268268585205,,,,,,,,,,,,,199,STABILIZE,12.448,0.03
2023-09-25 13:25:39.437892,1.1392093896865845,-0.13593821227550507,0.3670867085456848,-0.01,0.0,0.02,-0.0031365861650556326,0.025491315871477127,-2.807529926300049,,,,,,,,,,,,,199,STABILIZE,12.448,0.03
2023-09-25 13:25:39.447737,1.1387044191360474,-0.13615451753139496,0.36680570244789124,-0.01,0.0,0.02,-0.003143618581816554,0.025487888604402542,-2.807542085647583,,,,,,,,,,,,,199,STABILIZE,12.448,0.03
2023-09-25 13:25:39.458242,1.1381776332855225,-0.13637560606002808,0.3666175901889801,-0.01,0.0,0.02,-0.0031514025758951902,0.025489795953035355,-2.8075411319732666,,,,,,,,,,,,,199,STABILIZE,12.448,0.03
2023-09-25 13:25:39.470923,1.1377183198928833,-0.13656967878341675,0.3663315176963806,-0.01,0.0,0.02,-0.003149693598970771,0.02549724653363228,-2.807546854019165,,,,,,,,,,,,,199,STABILIZE,12.448,0.03
2023-09-25 13:25:39.487466,1.137270212173462,-0.13675664365291595,0.36606553196907043,-0.01,0.0,0.02,-0.0031506051309406757,0.025493618100881577,-2.807546615600586,,,,,,,,,,,,,199,STABILIZE,12.448,0.03
2023-09-25 13:25:39.501361,1.1368093490600586,-0.13694508373737335,0.3658667206764221,-0.01,0.0,0.02,-0.0031444504857063293,0.025492269545793533,-2.8075544834136963,,,,,,,,,,,,,199,STABILIZE,12.449,0.04
2023-09-25 13:25:39.509644,1.1363835334777832,-0.13711825013160706,0.3656395971775055,-0.01,0.0,0.02,-0.0031444504857063293,0.025492269545793533,-2.8075544834136963,,,,,,,,,,,,,199,STABILIZE,12.449,0.04
2023-09-25 13:25:39.522951,1.1359381675720215,-0.13729624450206757,0.3654903173446655,-0.01,0.0,0.02,-0.0031540875788778067,0.025493279099464417,-2.8075525760650635,,,,,,,,,,,,,199,STABILIZE,12.449,0.04
2023-09-25 13:25:39.530834,1.1359381675720215,-0.13729624450206757,0.3654903173446655,-0.01,0.0,0.02,-0.0031540875788778067,0.025493279099464417,-2.8075525760650635,,,,,,,,,,,,,199,STABILIZE,12.449,0.04
2023-09-25 13:25:39.540988,1.1355329751968384,-0.13745716214179993,0.3652988374233246,-0.01,0.0,0.02,-0.0031530652195215225,0.025484871119260788,-2.8075449466705322,,,,,,,,,,,,,199,STABILIZE,12.449,0.04
2023-09-25 13:25:39.558391,1.135409951210022,-0.1374998241662979,0.3655339181423187,-0.01,0.0,0.02,-0.0031515273731201887,0.025476519018411636,-2.807551383972168,,,,,,,,,,,,,199,STABILIZE,12.449,0.04
2023-09-25 13:25:39.567109,1.134631872177124,-0.13780073821544647,0.36512723565101624,-0.01,0.0,0.02,-0.003148790681734681,0.025484926998615265,-2.807555675506592,,,,,,,,,,,,,199,STABILIZE,12.449,0.04
2023-09-25 13:25:39.574087,1.134631872177124,-0.13780073821544647,0.36512723565101624,-0.01,0.0,0.02,-0.003148790681734681,0.025484926998615265,-2.807555675506592,,,,,,,,,,,,,199,STABILIZE,12.449,0.04
2023-09-25 13:25:40.574471,1.134631872177124,-0.13780073821544647,0.36512723565101624,-0.01,0.0,0.02,-0.003148790681734681,0.025484926998615265,-2.807555675506592,,,,,,,,,,,,,199,STABILIZE,12.449,0.04
